name,kind,seed,alpha,Leff_lex,r_p,phi,d_lex,d_used,N,gap_cells,wall_cells,d_over_L,cost_V100h
S000,sobol,1001,0.1,24.0,2.05047,0.55603,274.8143,277.65,144,9.27,4.58,11.57,3.16
S001,sobol,1002,0.1,18.0,1.06501,0.63966,224.7662,226.275,112,3.77,4.18,12.57,1.49
S002,sobol,1003,0.1,12.0,2.44064,0.60335,287.3549,285.312,144,6.72,2.16,23.78,3.16
S003,sobol,1004,0.1,30.0,0.42613,0.66017,248.2801,245.001,120,3.19,8.37,8.17,1.83
S004,sobol,1005,0.1,30.0,2.85906,0.62982,236.1119,233.147,116,4.31,5.09,7.77,1.65
S005,sobol,1006,0.1,12.0,0.09234,0.58119,285.3808,281.776,144,7.9,3.83,23.48,3.16
S006,sobol,1007,0.1,18.0,1.65548,0.68751,216.6641,215.226,104,1.8,3.68,11.96,1.19
S007,sobol,1008,0.1,24.0,1.42222,0.59569,253.6681,252.533,128,6.33,5.14,10.52,2.22
S008,sobol,1009,0.1,24.0,2.31232,0.68094,276.8738,280.551,136,2.65,4.4,11.69,2.66
S009,sobol,1010,0.1,18.0,0.57757,0.58912,236.4921,235.877,120,6.23,4.78,13.1,1.83
S010,sobol,1011,0.1,12.0,2.20225,0.62325,261.8607,264.381,132,5.21,2.24,22.03,2.43
S011,sobol,1012,0.1,30.0,0.93698,0.57463,216.6455,218.331,112,6.42,7.19,7.28,1.49
S012,sobol,1013,0.1,30.0,1.78497,0.61428,227.777,231.215,116,4.95,5.99,7.71,1.65
S013,sobol,1014,0.1,12.0,1.26897,0.6711,263.611,262.769,128,2.92,2.66,21.9,2.22
S014,sobol,1015,0.1,18.0,2.70615,0.56697,245.2885,248.408,128,7.71,3.12,13.8,2.22
S015,sobol,1016,0.1,24.0,0.22213,0.6506,299.9222,300.701,148,4.42,7.24,12.53,3.43
S016,sobol,1017,0.1,24.0,2.80545,0.59075,220.2286,220.354,112,5.74,4.1,9.18,1.49
S017,sobol,1018,0.1,18.0,0.32216,0.67386,255.0587,254.906,124,2.71,5.22,14.16,2.02
S018,sobol,1019,0.1,12.0,1.70913,0.56752,232.3103,232.957,120,7.2,2.43,19.41,1.83
S019,sobol,1020,0.1,30.0,1.19239,0.62492,283.8487,280.654,140,5.44,6.75,9.36,2.9
S020,sobol,1021,0.1,30.0,2.0906,0.66402,292.0328,294.572,144,3.63,5.69,9.82,3.16
S021,sobol,1022,0.1,12.0,0.82606,0.61591,249.5989,247.379,124,5.22,2.96,20.61,2.02
S022,sobol,1023,0.1,18.0,2.40053,0.65226,270.3437,268.42,132,3.86,3.25,14.91,2.43
S023,sobol,1024,0.1,24.0,0.66504,0.55986,223.5216,224.174,116,7.3,6.2,9.34,1.65
S024,sobol,1025,0.1,24.0,1.55629,0.6457,243.9717,243.197,120,3.79,5.0,10.13,1.83
S025,sobol,1026,0.1,18.0,1.32229,0.5533,295.0932,292.593,152,9.95,3.94,16.26,3.71
S026,sobol,1027,0.1,12.0,2.93482,0.65746,229.0257,228.354,112,3.08,2.02,19.03,1.49
S027,sobol,1028,0.1,30.0,0.16884,0.60935,267.9478,270.352,136,6.05,9.25,9.01,2.66
S028,sobol,1029,0.1,30.0,2.55238,0.57845,260.4107,257.888,132,7.38,5.31,8.6,2.43
S029,sobol,1030,0.1,12.0,0.53713,0.63585,213.1212,209.695,104,3.64,3.23,17.47,1.19
S030,sobol,1031,0.1,18.0,1.96216,0.60169,278.3444,277.133,140,6.62,3.49,15.4,2.9
S031,sobol,1032,0.1,24.0,0.97743,0.6848,240.342,239.744,116,2.11,5.69,9.99,1.65
S032,sobol,1033,0.1,24.0,2.50937,0.62111,221.8572,224.066,112,4.51,4.27,9.34,1.49
S033,sobol,1034,0.1,18.0,0.40111,0.57349,271.2719,272.733,140,8.08,5.07,15.15,2.9
S034,sobol,1035,0.1,12.0,1.97605,0.67717,251.8136,255.323,124,2.57,2.32,21.28,2.02
S035,sobol,1036,0.1,30.0,1.08434,0.58524,291.429,290.274,148,7.89,6.93,9.68,3.43
S036,sobol,1037,0.1,30.0,1.63047,0.56364,281.7454,278.911,144,8.85,6.17,9.3,3.16
S037,sobol,1038,0.1,12.0,1.49096,0.64627,233.0968,235.16,116,3.64,2.53,19.6,1.65
S038,sobol,1039,0.1,18.0,2.8784,0.61259,257.3096,254.899,128,5.54,3.05,14.16,2.22
S039,sobol,1040,0.1,24.0,0.01794,0.66952,219.7814,221.537,108,2.52,7.93,9.23,1.33
S040,sobol,1041,0.1,24.0,2.22117,0.60602,239.5267,238.111,120,5.48,4.46,9.92,1.83
S041,sobol,1042,0.1,18.0,0.86216,0.66295,280.4354,278.057,136,3.48,4.4,15.45,2.66
S042,sobol,1043,0.1,12.0,2.28771,0.55708,213.556,216.086,112,7.17,2.21,18.01,1.49
S043,sobol,1044,0.1,30.0,0.64671,0.63971,258.1182,258.606,128,4.31,7.79,8.62,2.22
S044,sobol,1045,0.1,30.0,2.63134,0.68811,267.0516,264.97,128,2.19,5.25,8.83,2.22
S045,sobol,1046,0.1,12.0,0.24107,0.59618,230.7377,228.921,116,5.72,3.59,19.08,1.65
S046,sobol,1047,0.1,18.0,1.85412,0.63205,295.6843,297.816,148,5.38,3.55,16.55,3.43
S047,sobol,1048,0.1,24.0,1.24437,0.58443,241.8354,243.09,124,6.65,5.34,10.13,2.02
S048,sobol,1049,0.1,24.0,1.77827,0.65692,253.145,252.752,124,3.43,4.8,10.53,2.02
S049,sobol,1050,0.1,18.0,1.16778,0.60879,218.5831,214.625,108,4.83,4.08,11.92,1.33
S050,sobol,1051,0.1,12.0,2.73062,0.64244,286.3561,283.252,140,4.58,2.07,23.6,2.9
S051,sobol,1052,0.1,30.0,0.34108,0.55109,234.3549,230.687,120,7.96,8.64,7.69,1.83
S052,sobol,1053,0.1,30.0,2.37593,0.59894,247.7799,245.086,124,5.99,5.44,8.17,2.02
S053,sobol,1054,0.1,12.0,0.73419,0.68208,289.8893,288.962,140,2.67,3.04,24.08,2.9
S054,sobol,1055,0.1,18.0,2.10953,0.57843,225.526,226.626,116,6.48,3.4,12.59,1.65
S055,sobol,1056,0.1,24.0,0.75124,0.63478,272.7823,274.062,136,4.81,6.05,11.42,2.66
S056,sobol,1057,0.1,24.0,2.95416,0.57187,297.2802,295.831,152,8.87,4.02,12.33,3.71
S057,sobol,1058,0.1,18.0,0.09443,0.62822,245.7929,249.016,124,4.68,5.74,13.83,2.02
S058,sobol,1059,0.1,12.0,1.53127,0.59238,265.5956,267.819,136,6.89,2.51,22.32,2.66
S059,sobol,1060,0.1,30.0,1.39102,0.67552,227.0032,230.427,112,2.39,6.47,7.68,1.49
S060,sobol,1061,0.1,30.0,1.88776,0.65337,214.7451,211.603,104,3.0,5.88,7.05,1.19
S061,sobol,1062,0.1,12.0,0.99677,0.56202,262.3867,263.163,136,8.45,2.83,21.93,2.66
S062,sobol,1063,0.1,18.0,2.62112,0.66786,238.2612,237.751,116,2.77,3.15,13.21,1.65
S063,sobol,1064,0.1,24.0,0.51212,0.61972,275.9433,279.874,140,5.7,6.51,11.66,2.9
S064,sobol,1065,0.1,24.0,2.89976,0.67149,246.6699,246.393,120,2.72,4.05,10.27,1.83
S065,sobol,1066,0.1,18.0,0.04001,0.61501,298.3441,295.114,148,6.28,5.88,16.4,3.43
S066,sobol,1067,0.1,12.0,1.61498,0.64879,226.5013,227.347,112,3.41,2.47,18.95,1.49
S067,sobol,1068,0.1,30.0,1.47471,0.56551,265.0056,263.707,136,8.26,6.36,8.79,2.66
S068,sobol,1069,0.1,30.0,1.99742,0.58767,263.235,267.106,136,7.13,5.78,8.9,2.66
S069,sobol,1070,0.1,12.0,1.10642,0.67914,215.4417,214.349,104,2.09,2.76,17.86,1.19
S070,sobol,1071,0.1,18.0,2.49389,0.57535,275.4281,273.028,140,7.99,3.21,15.17,2.9
S071,sobol,1072,0.1,24.0,0.38487,0.62364,237.8138,240.396,120,4.72,6.8,10.02,1.83
S072,sobol,1073,0.1,24.0,1.83811,0.58192,217.8845,219.25,112,6.11,4.75,9.14,1.49
S073,sobol,1074,0.1,18.0,1.22765,0.6302,252.3333,249.278,124,4.59,4.02,13.85,2.02
S074,sobol,1075,0.1,12.0,2.65318,0.59423,234.7896,236.556,120,6.0,2.09,19.71,1.83
S075,sobol,1076,0.1,30.0,0.26366,0.6857,286.8903,289.473,140,2.5,8.9,9.65,2.9
S076,sobol,1077,0.1,30.0,2.27171,0.63786,288.8633,290.651,144,4.94,5.53,9.69,3.16
S077,sobol,1078,0.1,12.0,0.62999,0.55457,246.9003,246.584,128,8.32,3.13,20.55,2.22
S078,sobol,1079,0.1,18.0,2.24303,0.66055,273.3795,269.553,132,3.49,3.33,14.98,2.43
S079,sobol,1080,0.1,24.0,0.88477,0.60407,226.0221,229.926,116,5.38,5.83,9.58,1.65
S080,sobol,1081,0.1,24.0,2.14373,0.63731,279.9118,282.497,140,4.83,4.51,11.77,2.9
S081,sobol,1082,0.1,18.0,0.78473,0.58026,239.0769,242.51,124,6.84,4.49,13.47,2.02
S082,sobol,1083,0.1,12.0,2.34755,0.68408,258.9527,256.188,124,2.29,2.19,21.35,2.02
S083,sobol,1084,0.1,30.0,0.70657,0.6013,214.2487,213.742,108,5.12,7.65,7.12,1.33
S084,sobol,1085,0.1,30.0,2.76483,0.55291,230.2275,230.941,120,7.87,5.15,7.7,1.83
S085,sobol,1086,0.1,12.0,0.37459,0.64497,266.4584,267.417,132,4.2,3.41,22.28,2.43
S086,sobol,1087,0.1,18.0,1.7499,0.61115,242.6983,238.78,120,5.26,3.62,13.27,1.83
S087,sobol,1088,0.1,24.0,1.14017,0.65892,296.7424,293.815,144,3.88,5.47,12.24,3.16
S088,sobol,1089,0.1,24.0,2.59308,0.61771,271.8658,271.583,136,5.64,4.22,11.32,2.66
S089,sobol,1090,0.1,18.0,0.4848,0.66548,222.3452,221.091,108,2.67,4.92,12.28,1.33
S090,sobol,1091,0.1,12.0,1.92166,0.55947,290.3975,293.678,152,9.59,2.34,24.47,3.71
S091,sobol,1092,0.1,30.0,1.02992,0.65153,250.9196,252.059,124,3.66,7.02,8.4,2.02
S092,sobol,1093,0.1,30.0,1.50325,0.67314,233.5292,230.156,112,2.48,6.32,7.67,1.49
S093,sobol,1094,0.1,12.0,1.36371,0.59037,282.271,283.251,144,7.41,2.6,23.6,3.16
S094,sobol,1095,0.1,18.0,2.98807,0.62638,219.0789,216.673,108,4.14,3.0,12.04,1.33
S095,sobol,1096,0.1,24.0,0.12759,0.56932,256.4845,256.523,132,7.83,7.53,10.69,2.43
C0,centre,1901,0.1,18.0,1.5,0.62,252.0,255.923,128,5.2,3.79,14.22,2.22
C0_a001,centre alpha 0.01,1901,0.01,18.0,1.5,0.62,252.0,255.923,128,5.2,3.79,14.22,7.06
C1,centre,1902,0.1,18.0,1.5,0.62,252.0,255.923,128,5.2,3.79,14.22,2.22
C1_a001,centre alpha 0.01,1902,0.01,18.0,1.5,0.62,252.0,255.923,128,5.2,3.79,14.22,7.06
C2,centre,1903,0.1,18.0,1.5,0.62,252.0,255.923,128,5.2,3.79,14.22,2.22
C2_a001,centre alpha 0.01,1903,0.01,18.0,1.5,0.62,252.0,255.923,128,5.2,3.79,14.22,7.06
C3,centre,1904,0.1,18.0,1.5,0.62,252.0,255.923,128,5.2,3.79,14.22,2.22
C3_a001,centre alpha 0.01,1904,0.01,18.0,1.5,0.62,252.0,255.923,128,5.2,3.79,14.22,7.06
C4,centre,1905,0.1,18.0,1.5,0.62,252.0,255.923,128,5.2,3.79,14.22,2.22
C4_a001,centre alpha 0.01,1905,0.01,18.0,1.5,0.62,252.0,255.923,128,5.2,3.79,14.22,7.06
C5,centre,1906,0.1,18.0,1.5,0.62,252.0,255.923,128,5.2,3.79,14.22,2.22
C5_a001,centre alpha 0.01,1906,0.01,18.0,1.5,0.62,252.0,255.923,128,5.2,3.79,14.22,7.06
C6,centre,1907,0.1,18.0,1.5,0.62,252.0,255.923,128,5.2,3.79,14.22,2.22
C6_a001,centre alpha 0.01,1907,0.01,18.0,1.5,0.62,252.0,255.923,128,5.2,3.79,14.22,7.06
C7,centre,1908,0.1,18.0,1.5,0.62,252.0,255.923,128,5.2,3.79,14.22,2.22
C7_a001,centre alpha 0.01,1908,0.01,18.0,1.5,0.62,252.0,255.923,128,5.2,3.79,14.22,7.06
K1_0,corner K1,2011,0.1,30.0,1.5,0.62,212.0,215.935,108,4.39,6.32,7.2,1.33
K1_1,corner K1,2012,0.1,30.0,1.5,0.62,212.0,215.935,108,4.39,6.32,7.2,1.33
K1_2,corner K1,2013,0.1,30.0,1.5,0.62,212.0,215.935,108,4.39,6.32,7.2,1.33
K2_0,corner K2,2021,0.1,12.0,3.0,0.62,300.0,303.908,152,6.18,2.0,25.33,3.71
K2_1,corner K2,2022,0.1,12.0,3.0,0.62,300.0,303.908,152,6.18,2.0,25.33,3.71
K2_2,corner K2,2023,0.1,12.0,3.0,0.62,300.0,303.908,152,6.18,2.0,25.33,3.71
K3_0,corner K3,2031,0.1,18.0,1.5,0.69,212.0,215.486,104,1.71,3.79,11.97,1.19
K3_1,corner K3,2032,0.1,18.0,1.5,0.69,212.0,215.486,104,1.71,3.79,11.97,1.19
K3_2,corner K3,2033,0.1,18.0,1.5,0.69,212.0,215.486,104,1.71,3.79,11.97,1.19
K4_0,corner K4,2041,0.1,18.0,1.5,0.55,300.0,299.696,156,10.41,3.79,16.65,4.02
K4_1,corner K4,2042,0.1,18.0,1.5,0.55,300.0,299.696,156,10.41,3.79,16.65,4.02
K4_2,corner K4,2043,0.1,18.0,1.5,0.55,300.0,299.696,156,10.41,3.79,16.65,4.02
