name,seed,alpha,lnQ,r_p,phi,lnd,d_over_L,flagged,beta@9-35mT,beta@35-70mT,beta@70-150mT,beta_all,lnw@10mT,lnw@50mT,lnw@100mT
C0,1901,0.1,-5.780743515792329,1.5,0.6202392578125,5.544875693026315,14.217931293427817,False,1.9638472792770019,1.9754195901637484,1.7029165254001897,1.9196025611846905,-14.811125702379428,-11.7558808554847,-10.318915348565765
C1,1902,0.1,-5.780743515792329,1.5,0.6202392578125,5.544875693026315,14.217931293427817,False,1.9121019801996184,1.769645861124363,2.0783986228295985,1.831200869189884,-14.985105023653764,-12.006077781411697,-10.791951039612258
C2,1903,0.1,-5.780743515792329,1.5,0.6202392578125,5.544875693026315,14.217931293427817,False,2.2094978546155892,1.8511519314450964,2.113016746588572,1.9995927300495393,-15.536013042328658,-12.317418525855405,-10.775278166054884
C3,1904,0.1,-5.780743515792329,1.5,0.6202392578125,5.544875693026315,14.217931293427817,False,2.3696961671961754,2.3076881937893,1.5984085744490855,2.201760146509435,-15.390994544235868,-11.655646913382109,-10.281300724327695
C4,1905,0.1,-5.780743515792329,1.5,0.6202392578125,5.544875693026315,14.217931293427817,False,2.3352145329305225,2.034422837211697,1.8076822355171962,2.1740038598329985,-15.54980918396472,-11.88236080881203,-10.481117362672764
C5,1906,0.1,-5.780743515792329,1.5,0.6202392578125,5.544875693026315,14.217931293427817,False,1.7300189219898419,1.8830965675627738,2.162005351979397,1.8751469075843792,-15.055557121812663,-12.159263877123964,-10.920295471787044
C6,1907,0.1,-5.780743515792329,1.5,0.6202392578125,5.544875693026315,14.217931293427817,False,2.1913843681831717,2.1031695245121806,1.978360061376173,2.1115135962581295,-15.484465636254216,-12.1756426778408,-10.56833350590472
C7,1908,0.1,-5.780743515792329,1.5,0.6202392578125,5.544875693026315,14.217931293427817,False,2.3875363163173025,2.2863358500492703,1.719384468318919,2.203178339095075,-15.406955910823815,-11.53616504750692,-10.275348132460591
K1_0,2011,0.1,-6.802394763324311,1.5,0.6203322410583496,5.374976656230918,7.197827717297832,False,2.5705599994441246,2.0664929808886083,2.2684955561949036,2.3286881486026925,-15.763927909521055,-12.053048004999152,-10.195482499613284
K1_1,2012,0.1,-6.802394763324311,1.5,0.6203322410583496,5.374976656230918,7.197827717297832,False,2.4088982306924995,2.858465059921664,2.580364788764652,2.5532087314573078,-16.232433867224955,-12.486200059930077,-10.227593874942665
K1_2,2013,0.1,-6.802394763324311,1.5,0.6203322410583496,5.374976656230918,7.197827717297832,False,2.4647294359921212,2.472825968509048,2.2941054177928515,2.4816308940203515,-16.088457204799717,-12.094483617415918,-10.387395190444018
K2_0,2021,0.1,-4.969813299576001,3.0,0.6205806136131287,5.716725949952974,25.3256901164183,False,2.1323041062862083,2.2357595069863923,2.7748105553138123,2.0927775656782446,-15.195289896601622,-12.06418590230956,-10.463211262221442
K2_1,2022,0.1,-4.969813299576001,3.0,0.6205806136131287,5.716725949952974,25.3256901164183,False,2.3624855850374025,2.1755099345406523,2.480902058948079,2.33042166455462,-15.48542038817985,-11.928508367844222,-9.839248682862078
K2_2,2023,0.1,-4.969813299576001,3.0,0.6205806136131287,5.716725949952974,25.3256901164183,False,2.172705450777861,2.736082501646981,1.844325586952334,2.2091957126218635,-15.138715415613264,-11.4412259599403,-10.153805504217852
K3_0,2031,0.1,-5.780743515792329,1.5,0.689918041229248,5.372893701432126,11.97141761881234,False,2.1930112277157168,2.497824621628813,2.473436997559828,2.378181368399039,-15.937270822766607,-12.484084363668803,-10.363275900085739
K3_1,2032,0.1,-5.780743515792329,1.5,0.689918041229248,5.372893701432126,11.97141761881234,False,2.125611806860974,2.74255736754874,2.763583491583719,2.46365239568108,-16.141614870682865,-12.424211327822926,-10.527804888552408
K3_2,2033,0.1,-5.780743515792329,1.5,0.689918041229248,5.372893701432126,11.97141761881234,False,1.9189387139815568,2.952671443581863,2.0665078645789356,2.2937845762012152,-15.588690565351998,-12.229968013438132,-10.35917139648581
K4_0,2041,0.1,-5.780743515792329,1.5,0.5504138469696045,5.702767703085361,16.649762385595217,False,1.7657295620800562,1.6818217531563917,1.945959524323029,1.7713894554340994,-14.95204794628338,-12.159657153822637,-10.890056500159018
K4_1,2042,0.1,-5.780743515792329,1.5,0.5504138469696045,5.702767703085361,16.649762385595217,False,2.2023897811896527,1.833156079528086,1.9332355148807572,2.0266242252367723,nan,-11.986980786193083,-10.713050338356311
K4_2,2043,0.1,-5.780743515792329,1.5,0.5504138469696045,5.702767703085361,16.649762385595217,False,1.808058376561985,1.6853411860220946,2.0785057556173983,1.8133820984395017,-14.964722953054558,-12.12728281790875,-10.826701873499237
S000,1001,0.1,-6.3561076606958915,2.050467,0.5558127760887146,5.626361451005412,11.568751426632836,False,2.399902730490546,1.9716717129034802,1.8413838370374533,2.115837881826356,-15.552710053058266,-11.743948304720021,-10.592777249363214
S001,1002,0.1,-5.780743515792329,1.065009,0.6392583847045898,5.421749027230251,12.570807607363149,False,2.440975513052081,2.0300344910340145,2.4901856091275207,2.320411972183523,-16.114818635936473,-12.410982839781356,-10.668681875060102
S002,1003,0.1,-4.969813299576001,2.440645,0.603459358215332,5.653582512618493,23.775980843569048,False,2.168096210054211,2.293559511048024,2.2346461495066134,2.2540925344055043,-15.317073522671759,-11.879257907472827,-10.035048237430116
S003,1004,0.1,-6.802394763324311,0.426128,0.6600555777549744,5.501260613800924,8.16668629328253,False,1.8516333281562762,1.6649089839468532,1.6208639843679966,1.7588510794281325,-14.512590634194,-11.511768822109918,-10.429953010232964
S004,1005,0.1,-6.802394763324311,2.859058,0.6301201581954956,5.451671169356047,7.771582314244955,False,2.347537463822143,2.614493053363741,2.331971812764474,2.459271327138881,-16.0794507725729,-12.337721475845413,-10.506985846738525
S005,1006,0.1,-4.969813299576001,0.092344,0.5821759104728699,5.641112051460721,23.481324466971177,False,2.0083962114180958,1.8281639058988752,2.0008578490696127,1.945614359831629,-15.168923309427527,-11.895650890356219,-10.704818055477443
S006,1007,0.1,-5.780743515792329,1.65548,0.6872724294662476,5.371687657513911,11.956988266366151,False,2.103573376865068,1.9332897051451003,2.515573437792144,2.1623418868368374,-15.847475257607805,-12.435548324580699,-10.842333019445995
S007,1008,0.1,-6.3561076606958915,1.422219,0.5959625244140625,5.531541547034526,10.522204269545723,False,2.203848924357636,2.139878517879827,1.7231847436529453,2.082827298546747,-15.295036170069224,-11.737461014445797,-10.369995834534949
S008,1009,0.1,-6.3561076606958915,2.312323,0.6808848977088928,5.636753845748546,11.689605351287058,False,1.7709355700914264,2.0092870153473936,1.6580434551483423,1.8649866516344578,-14.74726497647003,-11.737477340638122,-10.414174086042923
S009,1010,0.1,-5.780743515792329,0.577569,0.5903148055076599,5.463309575145638,13.104265884675723,False,2.033022716736612,2.8963317145356338,2.0940056615293576,2.346647281998049,-15.57932341225009,-12.004297935434698,-10.177560798081787
S010,1011,0.1,-4.969813299576001,2.202251,0.6233547329902649,5.577392239131153,22.031771911746848,False,2.9604917745510724,1.2979093766270198,2.466614085997274,2.2409627926517888,-15.549495290613496,-11.21413867563483,-10.200907044628567
S011,1012,0.1,-6.802394763324311,0.936985,0.575141191482544,5.386012679443322,7.2777030534047045,False,2.4442996943628237,2.3860329307355386,2.182188873836999,2.4266274955007114,-16.107716628304797,-12.228364914429102,-10.453777828161355
S012,1013,0.1,-6.802394763324311,1.78497,0.6156054139137268,5.44334607761918,7.707151745859,False,2.407858094337744,3.183965095588095,1.9901784579747548,2.599350915530541,-16.162749595574354,-12.016545283571402,-10.138675502424919
S013,1014,0.1,-4.969813299576001,1.268972,0.671051025390625,5.571274756037332,21.897404334284506,False,2.510781673294675,1.171108469237667,2.749078551399067,2.1735414586072084,-15.867965955364419,-12.461454483724621,-10.777509852223845
S014,1015,0.1,-5.780743515792329,2.706154,0.56689453125,5.5150736827789935,13.800459999197914,False,2.1000805541668965,2.912647115562898,1.7811197420157083,2.2659751084995414,-15.687279842989685,-11.565115358570237,-10.415697122092533
S015,1016,0.1,-6.3561076606958915,0.222132,0.6509485840797424,5.70611570252288,12.529199399513134,False,1.4234853350870726,1.62467905707361,2.045855234862825,1.5967638466482241,-14.222597406995607,-11.900877338969957,-10.604629753528881
S016,1017,0.1,-6.3561076606958915,2.805447,0.5909256339073181,5.395236574918133,9.181427967679019,False,1.9540229714981547,2.47875647435264,2.49993777122183,2.2272409328563474,-16.007381302307145,-12.819907492838045,-11.047750641400276
S017,1018,0.1,-5.780743515792329,0.32216,0.6737605333328247,5.5408961107508246,14.161462302082166,False,2.453147073291055,2.281458158562165,1.6617829383050717,2.2556207414320486,-15.799467343449498,-11.954824269440312,-10.451707115994388
S018,1019,0.1,-4.969813299576001,1.709129,0.5676296353340149,5.450853660139271,19.413078925809163,False,2.0011345454546596,2.998868883970884,2.1657632297640586,2.3645541750518997,-15.790417559303775,-12.039822989436248,-10.420403144668121
S019,1020,0.1,-6.802394763324311,1.192389,0.6249096393585205,5.637120972675524,9.355118166439128,False,2.2792769350821276,1.614911351142698,1.6547431665459102,1.9540744326297874,-15.123458080987135,-11.657639737378325,-10.552539756621673
S020,1021,0.1,-6.802394763324311,2.0906,0.664394736289978,5.685523494497103,9.819067050721626,False,1.8173544735742904,1.5069234737180197,2.069448258321646,1.7447852567744644,-14.853428992207732,-12.182960322632983,-10.75940307677311
S021,1022,0.1,-4.969813299576001,0.826058,0.6162431836128235,5.510919702608772,20.614878096895676,False,2.0415211624459735,2.2448631535628176,1.7938797070047294,1.9939218692340475,-15.277384544020254,-11.92459169941245,-10.681054773395976
S022,1023,0.1,-5.780743515792329,2.400526,0.6524612307548523,5.5925547664506325,14.912249787206738,False,2.0003534599214556,2.084486293246393,2.053148796597381,2.074300843675683,-15.073180904517397,-11.477313971998063,-10.332253462098715
S023,1024,0.1,-6.3561076606958915,0.665042,0.5603755712509155,5.412424116303872,9.340598094048621,False,2.4296012751275655,2.8535361099602166,1.5646085548373312,2.4393063200516183,-15.740508007761676,-11.520211650994392,-10.025813898763493
S024,1025,0.1,-6.3561076606958915,1.556293,0.6455370187759399,5.493873614137669,10.133226569558426,False,1.951701100465841,2.300470378773423,2.251918826543277,2.1278150191766145,-15.361673178814709,-11.913737961555933,-10.54963080910529
S025,1026,0.1,-5.780743515792329,1.322292,0.5531600713729858,5.678783830782184,16.255187244539044,False,2.090174941630469,1.6077942498257334,1.9533360068522034,1.9313185353146198,-15.177055919553553,-11.944911077224951,-10.667215844234466
S026,1027,0.1,-4.969813299576001,2.934823,0.6571610569953918,5.430899116288548,19.029539197792214,False,2.109769363138916,1.997979304796269,2.10915330582235,2.0242307383308953,-15.112933394683811,-11.780107773537228,-10.632710345754099
S027,1028,0.1,-6.802394763324311,0.168845,0.609390914440155,5.5997231194892,9.011718066306639,False,1.6419143097828737,1.5442787747444573,1.5695350453271464,1.586083044581878,-14.3849224045116,-11.82468953654885,-10.715794162551937
S028,1029,0.1,-6.802394763324311,2.552378,0.5787349939346313,5.55252547275712,8.59626744561757,False,1.9931390641065898,2.0821710098834707,1.577985864178694,1.9049388885212062,-14.965056467675769,-11.797896054098707,-10.54347637179286
S029,1030,0.1,-4.969813299576001,0.537132,0.6368058919906616,5.345651779520937,17.474542888166948,False,2.2357151468617213,2.2341133145990177,2.714977810535023,2.3269165749537306,-16.19686348300706,-12.350236869964238,-10.907731045630213
S030,1031,0.1,-5.780743515792329,1.962163,0.6022390723228455,5.624496587861499,15.396263189846426,False,2.1878146177147473,2.2732401267469906,1.3459783924717625,2.014417488850879,-15.082211816298068,-11.711380780578198,-10.284677780883143
S031,1032,0.1,-6.3561076606958915,0.977429,0.6849399209022522,5.479573349510673,9.989349936908798,False,1.8722319530827831,2.2968803742859727,2.1695796726952725,2.0143449801123143,-14.983543407325584,-12.199330896242033,-10.166916231133627
S032,1033,0.1,-6.3561076606958915,2.509372,0.6205357313156128,5.411941614368384,9.336092324498313,False,2.8426931481419473,2.0024798155550125,1.7795493594445424,2.3347992415192027,-16.022780210525273,-11.885380247632696,-10.460956462610149
S033,1034,0.1,-5.780743515792329,0.401106,0.5731545090675354,5.608493115197419,15.151830614580112,False,2.253754024925006,2.119742453201567,2.3691133721672895,2.210540275965807,-16.012705791944622,-12.299061890396178,-11.073246917867191
S034,1035,0.1,-4.969813299576001,1.976052,0.6770333051681519,5.542529428502352,21.27691705438937,False,1.8734119118757093,1.975684898432512,2.273418701590224,1.9333239117796774,-14.80525208087132,-12.329647707107503,-10.327286473537452
S035,1036,0.1,-6.802394763324311,1.084344,0.5846346616744995,5.670826355826277,9.675810172446596,False,1.8029420641399208,1.6107163765288526,1.7497374478604917,1.7092976004485505,-14.567445748858848,-11.754803240051356,-10.596650977074795
S036,1037,0.1,-6.802394763324311,1.630468,0.5633037686347961,5.6308920020645905,9.297026523716088,False,1.8965995977804118,1.759672144214468,1.7942591193907051,1.8506810214899752,-14.854666336796887,-11.766132161599714,-10.566042489096995
S037,1038,0.1,-4.969813299576001,1.490958,0.6462544798851013,5.4602672203442895,19.59668796453614,False,2.4729023916020183,1.47830602332839,1.8626452983365078,2.1051535330976923,-15.320518126203563,-11.416392245439141,-10.46729848533938
S038,1039,0.1,-5.780743515792329,2.878404,0.612548828125,5.540866191396058,14.161038606605924,False,2.2806901835865023,2.059786189479388,2.307304816402532,2.1552565189957407,-15.838452575661945,-12.304267610572362,-10.880103018876104
S039,1040,0.1,-6.3561076606958915,0.01794,0.669943630695343,5.400589015848705,9.230702771133862,False,2.490064547592632,2.8999276505772698,1.549253425383697,2.461611294460086,-15.768865162609401,-11.521073361981635,-9.914263704539735
S040,1041,0.1,-6.3561076606958915,2.221174,0.607703685760498,5.47273610888927,9.9212833068666,False,1.832462109500046,2.5670399820462197,2.022682312263998,2.130239091707164,-15.088693369248071,-11.7694047935239,-10.306669612810754
S041,1042,0.1,-5.780743515792329,0.862158,0.663443922996521,5.627827515819361,15.447632539658246,False,1.9568478866839185,1.6703162046175086,1.6260964751929212,1.7961433742641781,-14.702266507614642,-11.716356445410105,-10.502555964769288
S042,1043,0.1,-4.969813299576001,2.287712,0.5573068261146545,5.375675888186526,18.007156071147666,False,2.0604078264015557,2.879696093283337,1.9678083328869311,2.3641308174367506,-15.662208200705699,-12.014419190512324,-10.019493138737856
S043,1044,0.1,-6.802394763324311,0.646708,0.6399688720703125,5.555306995497273,8.620211443948287,False,2.2799093338339405,1.5582248726163537,1.7665778362429632,1.9277480292546747,-15.038812852059541,-11.590351853465366,-10.475198366333574
S044,1045,0.1,-6.802394763324311,2.631338,0.6875762939453125,5.579618285552322,8.83234811444744,False,2.14465236007472,2.4869434937765047,1.1413732445350462,2.127796487285575,-15.026031169956411,-11.282279672294532,-9.982032657665918
S045,1046,0.1,-4.969813299576001,0.241066,0.5962319374084473,5.433375554264727,19.076723071184905,False,1.314555863295799,2.952010354973122,2.8288390395172747,2.245193012645695,-15.332865534180028,-12.254911420830354,-10.52969116118727
S046,1047,0.1,-5.780743515792329,1.854121,0.632262647151947,5.696474572555642,16.545312261461945,False,2.754471782316915,2.152639315409039,1.4841650075847144,2.221574983175292,-15.947183773733999,-11.792635554948133,-10.464025635006667
S047,1048,0.1,-6.3561076606958915,1.244373,0.5843039751052856,5.493430558352749,10.128737979328235,False,2.141951293952673,2.91166882919238,2.1697405862203545,2.3855891547288905,-15.919725930208628,-12.405332322090276,-10.410245170106723
S048,1049,0.1,-6.3561076606958915,1.778268,0.657430112361908,5.53241045427111,10.531351062262049,False,1.9834801251159895,1.368073296405214,2.105137762295701,1.7968218428838574,-14.61099416571259,-11.964866239741571,-10.290807028205075
S049,1050,0.1,-5.780743515792329,1.167779,0.6090534925460815,5.368892433626287,11.923612475275403,False,2.1971898350060894,2.988396838218847,2.217865104727332,2.462398249716284,-16.057158470259154,-12.01230595559052,-10.589769856038137
S050,1051,0.1,-4.969813299576001,2.730619,0.6420174837112427,5.64633761153196,23.60434869382303,False,2.3182314173809666,1.6506596084966836,2.410488780773626,2.1040698958838284,-15.023223410111132,-11.354440895187718,-10.456532269619922
S051,1052,0.1,-6.802394763324311,0.341083,0.5504629611968994,5.441062181215553,7.689569495366442,False,2.578791974315211,2.278856436182437,1.7915885425348321,2.2830143096704454,-15.744743207001031,-11.768129579836405,-10.26529504121419
S052,1053,0.1,-6.802394763324311,2.375927,0.5982176065444946,5.501608757158878,8.169529965846161,False,2.198640967235104,2.4840078546562046,2.031722082642154,2.2510671595117997,-15.640900173340606,-11.831842837626304,-10.4324671935392
S053,1054,0.1,-4.969813299576001,0.734193,0.6822274327278137,5.666296521340337,24.08019868758983,False,2.0092432434127154,2.3518225864281685,1.1747935605377167,1.9482798293476626,-14.854304932208922,-11.344467667201425,-10.21998810231237
S054,1055,0.1,-5.780743515792329,2.109534,0.5783345103263855,5.42330279231627,12.59035487132211,False,2.6911137823602544,1.517619717010238,2.1118197120479905,2.1226693232028655,-15.970839319767695,-11.998835530886398,-10.768412484842687
S055,1056,0.1,-6.3561076606958915,0.751242,0.6346936821937561,5.613354366450607,11.419250094632893,False,2.212385949197033,1.5213602353832567,1.6068090124973495,1.7980134519084725,-14.920147049735196,-11.702086617143909,-10.592726348819005
S056,1057,0.1,-6.3561076606958915,2.954158,0.5721315145492554,5.689788272893562,12.326290773838254,False,2.0343303581102457,1.3853474541713329,1.5008155786880153,1.7153807151263476,-14.635700621926949,-11.594054604696618,-10.604771340808975
S057,1058,0.1,-5.780743515792329,0.094429,0.627269983291626,5.517515718093287,13.834202393159595,False,1.99571788403728,1.9300165804425176,1.6095911657683706,1.8834354486729528,-14.966651770717139,-11.829941492574068,-10.54962849394012
S058,1059,0.1,-4.969813299576001,1.531271,0.5917972922325134,5.590311617214842,22.318255311866583,False,2.280225793361518,2.2693488288997123,1.7954745420294025,2.1391817096557904,-15.76680134655096,-12.410217332709003,-10.817574008654192
S059,1060,0.1,-6.802394763324311,1.391019,0.6759520769119263,5.439932062608732,7.6808842783883104,False,2.3156380746837533,2.5493994489875136,2.1772170911238358,2.4105520794600848,-15.801365234143931,-12.124485061377364,-10.202631613860468
S060,1061,0.1,-6.802394763324311,1.88776,0.653191864490509,5.354712560901401,7.053438153115243,False,2.2680185982645904,3.0358042473341627,2.467722171894546,2.5513716939460322,-16.030510553018104,-12.044944485110525,-10.243180661989017
S061,1062,0.1,-4.969813299576001,0.996775,0.5623600482940674,5.5727753400324405,21.930287894864836,False,2.4102971727714664,1.6382996368757319,2.1188648134933485,2.0623896701432454,-15.516433445131407,-11.91263455701022,-10.765680259967427
S062,1063,0.1,-5.780743515792329,2.621117,0.6669195294380188,5.471223481760847,13.208383265357103,False,2.2155266618986644,2.960924687775228,1.5918278411081712,2.3446392592023577,-15.76696466987032,-11.699779753413663,-10.364911269080121
S063,1064,0.1,-6.3561076606958915,0.512121,0.6199417114257812,5.634339969454742,11.661422119148463,False,2.023624414151542,1.5689837407868772,1.7299656467344562,1.8457514820775573,-14.820236257504147,-11.673336012768406,-10.543862633396717
S064,1065,0.1,-6.3561076606958915,2.899765,0.6717222332954407,5.50692840150906,10.26638094776602,False,2.449368007732589,2.2487885808253387,1.7378576816956475,2.268677549574232,-15.552138212987545,-11.596058778902982,-10.217826802659218
S065,1066,0.1,-5.780743515792329,0.04001,0.6156397461891174,5.687362968808432,16.395242657889412,False,1.9384108361628298,0.999230978206063,1.8034756554940135,1.6156818731123552,-14.700323716502021,-11.49753309847544,-10.999315556697587
S066,1067,0.1,-4.969813299576001,1.614979,0.6489613652229309,5.426475712253347,18.945549753887494,False,2.0536670146731333,3.0434961131507987,1.8210885359212035,2.350325653731867,-15.70462463279889,-11.811690744000657,-10.26952119038248
S067,1068,0.1,-6.802394763324311,1.474713,0.5650315284729004,5.574837071222886,8.790219558163477,False,2.1567770508161797,2.218072384457597,1.5258634983260548,2.065304059343191,-15.173109044493364,-11.651266415528326,-10.307955931492272
S068,1069,0.1,-6.802394763324311,1.997423,0.5866069793701172,5.587646741929427,8.90354364869697,False,1.8864331446316696,1.8242103492143307,1.6020411320513148,1.7699313486622703,-14.65810646101846,-11.759502396891397,-10.568274625491654
S069,1070,0.1,-4.969813299576001,1.106425,0.6801035404205322,5.367607071973019,17.862444249956855,False,2.1043896071297077,2.60690748154813,2.0537963335407854,2.2472953140245617,-15.634030561634184,-12.072183505214767,-10.422404874551416
S070,1071,0.1,-5.780743515792329,2.493894,0.5747288465499878,5.609575947527392,15.16824639279155,False,2.1314842728273966,2.1859711744016583,1.6342315536893492,2.0072112156157758,-15.22372404948064,-11.778930547018263,-10.686639123780038
S071,1072,0.1,-6.3561076606958915,0.384872,0.6244259476661682,5.4822868353187655,10.016492705298722,False,2.1127332964509273,1.799428447661122,1.836950809312417,1.9308908640231643,-15.150436089649215,-11.917654920079938,-10.573649277805325
S072,1073,0.1,-6.3561076606958915,1.838105,0.5827259421348572,5.390214895318057,9.1354373498742,False,2.1031137924397725,2.77579777774176,2.2558903641587706,2.390044013751493,-15.902464764511727,-12.182715691444042,-10.483472293147141
S073,1074,0.1,-5.780743515792329,1.227648,0.6303413510322571,5.518567303003296,13.848757883463923,False,2.2678367924964573,1.8344977194962115,2.0654378534412037,2.124499879462319,-15.434695446955347,-11.82942629092284,-10.41913807712114
S074,1075,0.1,-4.969813299576001,2.653179,0.5936481356620789,5.4661833577155035,19.712968288583124,False,2.8595397430095217,2.7071081095124123,1.182145832230257,2.4546720422950417,-15.765709983144509,-10.962688243709282,-10.009484744810141
S075,1076,0.1,-6.802394763324311,0.263663,0.6858308911323547,5.668062402707456,9.649103611586348,False,1.6192301340724793,1.5309268577487365,1.6342687003064253,1.601971912764633,-14.411404857344799,-11.830852875248155,-10.704350103053136
S076,1077,0.1,-6.802394763324311,2.271707,0.6377100348472595,5.672123609433351,9.688370297166298,False,1.842856286647675,1.6906207763574532,1.5929944019772309,1.70937202454666,-14.621765987165352,-11.734194883941585,-10.622856390531405
S077,1078,0.1,-4.969813299576001,0.629994,0.5551300048828125,5.507702617495954,20.548664843410535,False,2.1234929065172654,2.0246221830355395,2.7186746619984543,2.212929391986022,-15.862079254142415,-12.565570852572238,-10.78911660432978
S078,1079,0.1,-5.780743515792329,2.243026,0.6601830720901489,5.596764123526656,14.97515306967626,False,1.912197875215594,1.9220960332606973,1.6903475926426197,1.8473793428576106,-14.882644550443446,-11.811699197039635,-10.61341857249918
S079,1080,0.1,-6.3561076606958915,0.884765,0.6039813160896301,5.43775860414025,9.580260405274478,False,2.17367019603414,2.290955738723446,2.209312738667082,2.1657322410976847,-15.458270363318027,-11.773221651251202,-10.404701471607563
S080,1081,0.1,-6.3561076606958915,2.143735,0.6376792788505554,5.643668848954655,11.77071913759582,False,1.7197516274153137,1.755555620573089,1.6374880958487108,1.7212731056935866,-14.542826138789954,-11.704765100721962,-10.63221531299874
S081,1082,0.1,-5.780743515792329,0.784733,0.5799738168716431,5.491043630522561,13.47278699156908,False,2.1934180737132,2.600641707268554,1.664877856239805,2.2481494027896463,-15.510644241272065,-11.679163550178533,-10.272748195378417
S082,1083,0.1,-4.969813299576001,2.347551,0.6840824484825134,5.545910176219116,21.3489706720647,False,2.484609897571681,2.1070034460260727,2.629937080501613,2.4043398873374704,-15.895837941429628,-11.92430072176961,-10.362497048425121
S083,1084,0.1,-6.802394763324311,0.706573,0.6026520133018494,5.364770927993793,7.124742223423765,False,2.465446118153192,2.758906437758755,2.0128698894140853,2.5327020610323934,-16.156396826444542,-11.900056244649795,-10.311665534302886
S084,1085,0.1,-6.802394763324311,2.764831,0.5522962808609009,5.442164234361264,7.6980484809061505,False,2.051653665598144,3.0382649276665776,2.2750634445090543,2.399375560883914,-15.835196209745014,-11.882872350819422,-10.398212394091663
S085,1086,0.1,-4.969813299576001,0.374585,0.6442385315895081,5.5888098273469495,22.284763137568984,False,2.37073607594312,1.848045227239867,2.012696432916624,2.159755226147513,-15.468224279021198,-11.924839899118208,-10.38679699035276
S086,1087,0.1,-5.780743515792329,1.749903,0.6112037301063538,5.475543731108663,13.265570216541853,False,2.0474663175614602,2.219280624006935,1.9059524010324664,2.085004628999017,-15.389947357735627,-11.951700570473278,-10.558250270541322
S087,1088,0.1,-6.3561076606958915,1.140169,0.6587041616439819,5.682951934604432,12.242311462815662,False,1.5007546056044774,1.7809590593215427,1.7127930797295599,1.6518034812182207,-14.476969489021462,-11.902232512920275,-10.719608116502416
S088,1089,0.1,-6.3561076606958915,2.593085,0.6179777979850769,5.604269011219367,11.315972020456242,False,2.3096817774745104,1.6394021762857438,1.7944092738315605,1.964728293765338,-15.182277629669967,-11.633366249425336,-10.516716697012528
S089,1090,0.1,-5.780743515792329,0.484799,0.6651425361633301,5.398575028708713,12.28284128323887,False,2.561668531955993,2.54785126710773,2.0343271177958293,2.4749865198976413,-16.0256961740405,-11.950831422160407,-10.353494471277692
S090,1091,0.1,-4.969813299576001,1.921663,0.5594474673271179,5.682483951212245,24.473167209489688,False,2.416993797329731,2.2640579814605943,2.2165442909109645,2.3357580263403683,-15.528860743170291,-11.639375336515347,-10.16545286145374
S091,1092,0.1,-6.802394763324311,1.029924,0.6524957418441772,5.529662672958693,8.401962346935992,False,2.1160185923867947,2.466686708047413,1.7718921991644787,2.152765101938293,nan,-11.881402173063986,-10.311463269437919
S092,1093,0.1,-6.802394763324311,1.50325,0.672945499420166,5.438755584983722,7.671853203365007,False,1.953141499570427,2.965857543421939,1.8419919556221709,2.3041074763784857,-15.341412452589411,-11.629883743511487,-10.005090489488335
S093,1094,0.1,-4.969813299576001,1.363707,0.5899884104728699,5.646334824380541,23.604282905020757,False,2.318517936171068,2.1248431165539112,2.8168147265010237,2.308827636903102,-15.855235988964933,-12.484565625356169,-10.577793241788404
S094,1095,0.1,-5.780743515792329,2.988072,0.6260478496551514,5.378387106806652,12.037362433662977,False,1.6692801489521498,2.3960781035964733,2.023461846626017,1.9692879514838373,-15.287070979632105,-12.428623206170876,-10.836173555314845
S095,1096,0.1,-6.3561076606958915,0.127588,0.5695940256118774,5.5472199912614535,10.688476098149808,False,1.7732903350904456,1.6690395346970992,1.508666876229152,1.7131572866977363,-14.494542794639672,-11.581429923042313,-10.516203672499463
